{"termTheme":"dark","layouts":{"layout-1":{"data":{"layout-restorer:data":{"main":{"dock":{"type":"split-area","orientation":"horizontal","children":[{"type":"tab-area","widgets":["notebook:Guide.ipynb","notebook:churn_notebook.ipynb"],"currentIndex":0},{"type":"split-area","orientation":"vertical","children":[{"type":"tab-area","widgets":["editor:churn_library.py","editor:churn_script_logging_and_tests.py","editor:README.md"],"currentIndex":0},{"type":"tab-area","widgets":["terminal:1"],"currentIndex":0}],"sizes":[0.5,0.5]}],"sizes":[0.4808913406395429,0.5191086593604571]}}}}},"layout-2":{"data":{"layout-restorer:data":{"main":{"dock":{"type":"split-area","orientation":"horizontal","children":[{"type":"tab-area","widgets":[],"currentIndex":0},{"type":"split-area","orientation":"vertical","children":[{"type":"tab-area","widgets":[],"currentIndex":0},{"type":"tab-area","widgets":["terminal:1"],"currentIndex":0}],"sizes":[0.65,0.35]}],"sizes":[0.3243685753222737,0.6756314246777264]}}}}}}}